ID_kit_api_20A,cupule_1,cupule_2,cupule_3,cupule_4,cupule_5,cupule_6,cupule_7,cupule_8,cupule_9,cupule_10,cupule_11,cupule_12,cupule_13,cupule_14,cupule_15,cupule_16,cupule_17,cupule_18,cupule_19,cupule_20,cupule_21,cupule_22,cupule_23,cupule_24,ID_strains,ID_reference,manual_annotation,created_20A,modify_in_pgsql_20A,ID_tbl_api_20A,last_change
818,,-,+,+,-,-,-,+,-,-,+,+,-,-,+,+,-,-,-,-,,,,,157670,64239,1,2018-07-25,2018-08-23 10:25:03,419,2019-11-20 06:22:41
817,,-,+,+,-,-,-,-,+/-,-,+,+,-,+/-,+,+,-,-,-,+,,,,,2583,4592,1,2018-08-08,2018-08-22 12:25:04,418,2019-11-20 06:22:41
816,,-,+,+,-,-,-,-,-,-,+,+,-,-,+,+,-,-,-,+,,,,,2583,4592,1,2018-08-08,2018-08-22 12:25:04,417,2019-11-20 06:22:41
815,,-,+,-,+,-,-,-,-,-,+,+,-,-,+,-,-,-,-,-,+,,,,132949,24737,1,2018-08-09,2018-08-22 09:30:05,411,2019-11-20 06:22:41
814,-,-,-,-,-,-,-,-,-,-,-,+,-,-,-,-,-,-,-,-,-,,,,130920,22212,1,2018-07-06,2018-07-26 12:05:03,366,2019-11-20 06:22:41
813,-,-,+,+,-,-,-,+,+/-,-,+/-,+,-,-,+,+,-,+,-,+,,+,+,-,2582,627,1,2018-02-01,2018-02-14 13:00:03,280,2019-11-20 06:22:41
812,-,-,+,+/-,+,+,+,-,-,-,+,+,+,-,+,-,-,-,-,+,,,,,2631,428,1,2018-01-18,2018-01-19 09:00:03,279,2019-11-20 06:22:41
811,-,-,+,-,-,-,-,+,+,-,-,+,-,+,-,-,-,-,+,+,,-,-,-,18083,17449,1,2017-11-30,2017-12-05 09:35:03,278,2019-11-20 06:22:41
810,-,-,+,-,+,+,+,-,+,+,-,+,-,+,+,-,+,-,+,-,,,,,1610,6977,1,2017-08-16,2017-08-22 10:55:03,274,2019-11-20 06:22:41
809,-,-,-,-,-,-,-,-,-,-,-,+,-,-,-,-,-,-,-,-,+/-,+,+,-,22963,18803,1,2016-02-04,2017-08-21 13:20:03,273,2019-11-20 06:22:41
808,-,-,+/-,+/-,-,-,-,-,-,-,-,+,-,-,+/-,+/-,-,-,-,+/-,,,,,22963,18803,1,2017-08-16,2017-08-21 11:05:03,272,2019-11-20 06:22:41
807,-,-,+,+,-,-,-,+,+,-,+,+,-,+/-,+,+,-,+/-,-,-,,,,,23853,20942,1,2017-08-09,2017-08-11 14:00:03,270,2019-11-20 06:22:41
806,-,-,+,+,-,-,-,+/-,+/-,-,+,+,-,-,+,+,-,-,-,-,,,,,23853,20942,1,2017-07-20,2017-08-03 11:10:03,268,2019-11-20 06:22:41
805,-,-,-,-,-,-,-,-,-,-,-,-,-,-,-,-,-,-,-,-,,,,,139939,42547,1,2017-07-05,2017-07-20 09:55:03,267,2019-11-20 06:22:41
804,-,-,+,-,-,-,+/-,-,-,-,-,+,-,-,-,-,-,-,-,-,,,,,139938,42546,1,2017-06-29,2017-07-20 09:50:03,266,2019-11-20 06:22:41
803,-,-,-,-,-,-,-,-,-,-,+,+,-,-,-,-,-,-,-,-,,,,,140326,42933,1,2017-07-05,2017-07-06 06:45:04,265,2019-11-20 06:22:41
802,-,-,-,-,-,-,-,-,-,-,-,-,-,-,-,-,-,-,-,-,,,,,139940,42548,1,2017-07-05,2017-07-06 06:45:03,264,2019-11-20 06:22:41
801,-,-,+,-,-,-,-,-,-,-,-,-,-,-,-,-,-,-,-,-,,,,,131145,22437,1,2017-05-31,2017-06-12 11:00:03,263,2019-11-20 06:22:41
800,-,-,+,-,+,+,-,-,+,+,-,+,-,-,+,-,+,-,+,+,-,-,-,-,1617,7844,1,2017-05-23,2017-05-29 09:10:03,262,2019-11-20 06:22:41
799,-,-,-,-,-,-,-,-,-,-,-,-,-,-,-,-,-,-,-,-,,,,+,17172,9045,1,2017-03-09,2017-03-21 08:25:06,258,2019-11-20 06:22:41
798,+,-,+,-,+,+,+,+,+,+,-,+,-,+,+,-,+,-,-,-,-,-,-,-,1604,2742,1,2017-03-08,2017-03-20 12:20:05,257,2019-11-20 06:22:41
797,-,-,-,-,-,-,-,-,-,-,-,-,-,-,-,-,-,-,-,-,,-,,-,17156,978,1,2017-01-18,2017-02-03 06:10:04,256,2019-11-20 06:22:41
796,-,-,-,-,-,-,-,-,-,+/-,-,-,-,-,-,-,-,-,-,-,-,-,-,-,17129,8833,1,2016-12-15,2016-12-15 12:05:05,255,2019-11-20 06:22:41
795,-,-,-,+/-,+/-,+/-,-,-,-,-,-,-,+/-,-,-,-,-,-,-,-,-,-,-,-,12562,16819,1,2016-11-16,2016-11-29 10:25:05,254,2019-11-20 06:22:41
794,-,-,-,-,-,-,-,-,-,-,-,-,-,-,-,-,-,-,-,-,,,,,157667,64236,1,2016-08-04,2016-09-09 08:15:05,210,2019-11-20 06:22:41
793,-,-,-,-,-,-,-,-,-,-,-,-,-,-,-,-,-,-,-,-,-,+,+,-,157667,64236,1,2015-02-26,2016-09-09 08:15:05,209,2019-11-20 06:22:41
792,-,-,-,-,-,-,-,-,-,-,-,-,-,-,-,-,-,+/-,-,-,-,,,,157669,64238,1,2016-08-04,2016-09-09 07:50:04,208,2019-11-20 06:22:41
791,+,-,+,+,+,+,+,+,+,+,+/-,+,+,+,+,+,+,+,+,+,,-,-,-,1626,7732,1,2016-08-18,2016-09-07 15:36:10,207,2019-11-20 06:22:41
790,-,-,-,-,-,-,-,-,-,-,-,-,-,-,-,-,-,-,-,-,,,,,157666,64235,1,2016-08-04,2016-09-06 09:35:05,203,2019-11-20 06:22:41
789,-,-,-,-,-,+/-,-,-,-,-,-,-,-,-,-,-,-,-,-,-,+,+,+,,157666,64235,1,2015-01-29,2016-09-06 09:35:05,202,2019-11-20 06:22:41
788,-,-,+,+,-,-,-,+,+,-,+,+,-,-,+,-,-,-,-,+,,,,,157668,64237,1,2016-08-04,2016-09-01 07:10:04,194,2019-11-20 06:22:40
787,-,-,-,-,-,-,-,-,-,-,-,+,-,-,-,-,-,-,-,-,-,+,+,-,157668,64237,1,2015-02-16,2016-09-01 07:05:05,193,2019-11-20 06:22:40
820,-,-,+,-,+/-,-,-,-,-,-,-,-,-,-,+/-,-,-,-,-,-,,,,,131145,22437,1,2018-10-19,2018-11-08 13:55:04,422,2019-11-20 06:22:41
786,-,-,+,-,-,-,-,-,-,-,-,+,-,-,-,-,-,-,-,-,-,,,,157665,64234,1,2016-08-12,2016-08-29 07:00:05,190,2019-11-20 06:22:40
819,-,-,+,+,-,-,-,+,+/-,-,+,+,-,-,+,-,-,-,-,+/-,,,,,22963,18803,1,2018-09-12,2018-10-02 10:10:03,421,2019-11-20 06:22:41
785,-,-,-,-,-,-,-,-,-,-,-,-,-,-,-,-,-,-,-,-,-,,,,157665,64234,1,2014-02-12,2016-08-29 07:00:05,189,2019-11-20 06:22:40
784,+,-,+/-,-,-,-,-,+/-,-,-,+,-,+/-,-,-,-,-,-,-,-,-,-,-,-,12505,8784,1,2016-06-01,2016-07-15 08:15:05,187,2019-11-20 06:22:40
783,-,-,+,-,+,+,+,-,-,-,+,-,+,+,+,-,+,-,-,-,-,-,-,-,12540,6518,1,2016-07-06,2016-07-07 12:30:05,186,2019-11-20 06:22:40
782,+,-,+,-,-,-,-,-,-,-,-,+,-,-,-,-,-,-,-,-,-,-,-,-,5763,8138,1,2016-05-12,2016-06-02 08:10:05,184,2019-11-20 06:22:40
781,+,-,-,-,-,-,-,-,-,-,+,-,-,-,-,-,-,-,-,-,-,-,-,-,12505,8784,1,2016-03-16,2016-03-15 23:00:00,183,2019-11-20 06:22:40
780,-,-,+,+,+,+,+,+,+,+,+,+,+,+,+,+,+,+,+,+,+,+,+,-,130924,22216,1,2015-03-12,2016-02-05 15:47:31,182,2019-11-20 06:22:40
779,+,-,+,-,-,-,+,-,-,-,+,+,-,-,-,-,-,-,-,-,+,+,+,-,130928,22220,1,2015-03-05,2016-02-05 15:47:31,181,2019-11-20 06:22:40
778,-,-,-,-,-,-,-,-,-,-,-,-,-,-,-,-,-,-,-,-,-,,+,-,131522,22749,1,2014-04-25,2016-02-05 15:47:31,180,2019-11-20 06:22:40
777,-,-,-,-,-,-,-,-,-,-,-,-,-,-,-,-,-,-,-,-,-,-,+,-,131521,22748,1,2014-04-25,2016-02-05 15:47:31,179,2019-11-20 06:22:40
776,-,-,-,-,-,-,-,-,-,-,-,-,-,-,-,-,-,-,-,-,-,,+,-,131520,22747,1,2014-04-25,2016-02-05 15:47:31,178,2019-11-20 06:22:40
775,-,-,-,-,-,-,-,-,-,-,-,-,-,-,-,-,-,-,-,-,-,,+,-,131519,22746,1,2014-04-25,2016-02-05 15:47:31,177,2019-11-20 06:22:40
774,-,-,-,-,-,-,-,-,-,-,+/-,+,-,-,-,-,-,-,-,-,-,,,-,131515,22742,1,2015-12-22,2016-02-05 15:47:31,176,2019-11-20 06:22:40
773,-,-,-,-,-,-,-,-,-,-,-,,-,-,-,-,-,-,-,-,,-,+,,3075,8081,1,2007-06-14,2016-02-05 15:47:31,175,2019-11-20 06:22:40
772,-,-,-,-,-,-,-,-,-,-,-,-,-,-,-,-,-,-,-,-,-,-,-,-,17827,5221,1,2016-01-18,2016-01-17 23:00:00,173,2019-11-20 06:22:40
771,+,-,+,-,+,+,+,-,+,+,-,+,-,-,+,-,+,-,-,-,,,,,130975,22267,1,2012-08-30,2016-01-18 08:02:53,138,2019-11-20 06:22:40
770,-,-,+,-,+,+,+,-,-,-,+,+,+,-,+,-,-,-,-,+,+,+,+,-,130924,22216,1,2015-03-12,2016-01-18 08:02:53,136,2019-11-20 06:22:40
769,-,-,+,+/-,+,+/-,+,+,+,+,-,+/-,+/-,+,+,+/-,+/-,+/-,+/-,+,+,+,+,-,130930,22222,1,2015-06-11,2016-01-18 08:02:53,135,2019-11-20 06:22:40
768,-,-,+,+/-,+,+/-,+,+,+,+,-,+,+/-,+,+,-,+/-,+/-,-,+,+,,,,130930,22222,1,2015-09-03,2016-01-18 08:02:53,134,2019-11-20 06:22:40
767,,-,+,+/-,+,+/-,+,+,+,+,-,+,+/-,+,+,+/-,+/-,+/-,+/-,+,+,,,,130930,22222,1,2015-09-03,2016-01-18 08:02:53,133,2019-11-20 06:22:40
766,-,-,+,+,-,+,+,+,+,-,-,+,-,+,+,-,-,-,-,+,,,,,132062,23853,1,2015-05-27,2016-01-18 08:02:53,132,2019-11-20 06:22:40
765,,+,+,-,+,+,+,+/-,+,-,-,+,-,+,+,-,+,-,+,-,,,,,132260,24049,1,2015-03-27,2016-01-18 08:02:53,131,2019-11-20 06:22:40
764,-,-,-,-,-,-,-,-,-,-,-,-,-,-,-,-,-,-,-,-,-,-,-,,157662,64231,1,2013-10-24,2016-01-18 08:02:53,126,2019-11-20 06:22:40
763,-,-,-,-,-,-,-,-,-,-,-,-,-,-,-,-,-,-,-,-,-,-,-,,157663,64232,1,2013-10-24,2016-01-18 08:02:53,125,2019-11-20 06:22:40
762,-,-,-,-,-,-,-,-,-,-,-,-,-,-,-,-,-,-,-,-,-,-,-,,157664,64233,1,2013-10-24,2016-01-18 08:02:53,124,2019-11-20 06:22:40
761,-,-,+,-,-,-,-,-,-,-,-,-,-,-,-,-,-,-,-,-,-,,,,130322,21940,1,2015-03-13,2016-01-18 08:02:53,122,2019-11-20 06:22:40
760,-,-,+,+,-,-,-,+,+,-,+,+,-,+/-,+,+,-,-,-,+,+,+,+,-,23855,20944,1,2014-10-02,2016-01-18 08:02:53,121,2019-11-20 06:22:40
759,-,-,+,+,-,-,-,+,+,-,+,+,-,+,+,+,-,+/-,-,+,+/-,+,+,-,23855,20944,1,2014-05-15,2016-01-18 08:02:53,120,2019-11-20 06:22:40
758,-,-,+,-,+,+,+,-,+,+,-,-,-,-,+,-,+,-,+,-,,,,,24344,21085,1,2013-12-11,2016-01-18 08:02:53,117,2019-11-20 06:22:40
757,-,-,+,+,-,-,-,-,-,-,+,+,-,-,+,+,-,-,-,-,,,,,23854,20943,1,2013-09-25,2016-01-18 08:02:53,116,2019-11-20 06:22:40
756,-,-,-,-,-,-,-,-,-,-,-,+,-,-,-,-,-,-,-,-,+,+,+,-,23854,20943,1,2015-06-11,2016-01-18 08:02:53,115,2019-11-20 06:22:40
755,-,-,+,+,-,-,-,+,+,-,+,+,-,+/-,+,+,-,+/-,-,+,+,+,+,-,23853,20942,1,2014-10-08,2016-01-18 08:02:53,114,2019-11-20 06:22:40
754,-,-,+,+,-,-,-,+,+,-,+,+,-,+,+,+,-,+,-,+/-,,,,,23853,20942,1,2013-09-25,2016-01-18 08:02:53,113,2019-11-20 06:22:40
753,-,-,+,-,+,-,+,+,+,+,-,+,-,+,+,-,-,-,+,-,,,,,130541,21990,1,2013-08-14,2016-01-18 08:02:53,112,2019-11-20 06:22:40
752,-,-,+,+,-,-,-,+,-,-,+,+,-,-,+,+,-,-,-,+,,,,,22963,18803,1,2014-05-28,2016-01-18 08:02:53,111,2019-11-20 06:22:40
751,-,-,+,+,-,-,-,+,+,-,+,+,-,+/-,+,+/-,-,-,-,+,,,,,22963,18803,1,2013-06-05,2016-01-18 08:02:53,110,2019-11-20 06:22:40
750,+,-,+,-,+,+,+,-,+,+,-,+,-,+,+,-,+/-,-,+/-,-,,,,,23776,21147,1,2013-06-12,2016-01-18 08:02:53,109,2019-11-20 06:22:40
749,-,-,+,-,+,+,+,-,-,-,+/-,-,-,-,+,-,+,-,-,-,,,,,24343,20743,1,2013-05-07,2016-01-18 08:02:53,108,2019-11-20 06:22:40
748,-,-,+,-,+,+,+,-,-,-,-,-,-,-,+,-,+,-,-,-,,,,,24342,20742,1,2013-04-25,2016-01-18 08:02:53,107,2019-11-20 06:22:40
747,-,-,+,-,+,+,+,-,-,-,-,-,-,-,+,-,+,-,-,-,,,,,24340,20740,1,2013-04-23,2016-01-18 08:02:53,106,2019-11-20 06:22:40
746,-,-,-,-,-,-,-,-,-,-,-,+/-,-,-,-,-,-,-,-,-,-,,,,24341,20741,1,2013-04-22,2016-01-18 08:02:53,105,2019-11-20 06:22:40
745,-,-,+,-,+,+,+,+,+,+,+,+,-,+/-,+,-,+,-,+/-,-,,,,,131249,22477,1,2013-03-13,2016-01-18 08:02:53,104,2019-11-20 06:22:40
744,,-,+,+,+,+,+,-,-,-,-,+,-,-,+,+,+,-,-,+,,,,,22936,19140,1,2013-03-13,2016-01-18 08:02:53,103,2019-11-20 06:22:40
743,+,-,+,-,+,+,+,+,+,+,+,+,-,+,+,-,+,-,-,-,,,,,22935,19114,1,2013-03-13,2016-01-18 08:02:53,102,2019-11-20 06:22:40
742,-,-,+,+,-,-,+,-,-,-,-,-,-,-,-,-,-,-,-,-,,,,,24021,20568,1,2013-02-20,2016-01-18 08:02:53,101,2019-11-20 06:22:40
741,+,-,+,+/-,+,+,+,-,+,+,-,+,-,-,+,+/-,+,-,+,+,,,,,1631,17776,1,2011-06-21,2016-01-18 08:02:53,100,2019-11-20 06:22:40
740,-,-,+,+,+,+,+,+,+,+,-,-,+,+,+,-,-,-,+,-,,,,,17147,17723,1,2011-04-13,2016-01-18 08:02:53,99,2019-11-20 06:22:40
739,-,-,+,+,-,+,+,+,+/-,-,-,+,-,+,+,-,-,-,-,+,,,,,17870,17681,1,2011-02-08,2016-01-18 08:02:53,98,2019-11-20 06:22:40
738,-,-,+,-,+,+,+,+,+,+,-,+/-,-,+,+,-,+,-,-,-,,,,,12552,17304,1,2010-09-08,2016-01-18 08:02:53,97,2019-11-20 06:22:40
737,-,-,-,-,-,-,-,-,-,-,-,-,-,-,+,-,-,-,-,-,,,,,12510,17342,1,2010-06-01,2016-01-18 08:02:53,96,2019-11-20 06:22:40
736,-,-,-,-,-,+,+,-,-,-,-,-,-,-,-,-,-,-,-,-,-,-,-,-,17166,17234,1,2010-06-15,2016-01-18 08:02:53,95,2019-11-20 06:22:40
735,-,-,+,-,-,+,+/-,+/-,-,-,-,+,-,-,+,+,-,-,-,+,,,,,17868,17212,1,2010-04-21,2016-01-18 08:02:53,94,2019-11-20 06:22:40
734,-,-,+,-,+,-,-,-,-,-,+,-,-,-,+,-,-,-,-,-,-,,,,12512,16821,1,2010-03-31,2016-01-18 08:02:53,93,2019-11-20 06:22:40
733,-,-,+/-,-,+/-,-,-,-,-,-,-,-,-,-,+/-,-,-,-,-,-,-,,,,12562,16819,1,2010-03-31,2016-01-18 08:02:53,92,2019-11-20 06:22:40
732,,-,+,-,+,+,+,-,+,+,-,-,-,-,+,-,+,-,+,-,+,,,,12501,16712,1,2010-03-11,2016-01-18 08:02:53,91,2019-11-20 06:22:40
731,,-,-,-,-,-,-,-,-,-,+,-,-,-,-,-,-,-,-,-,,,,,12508,16711,1,2010-03-11,2016-01-18 08:02:53,90,2019-11-20 06:22:40
730,+,-,+,-,+,-,-,-,-,-,-,+,+,-,+,-,-,-,-,-,+,,,,12523,16757,1,2010-02-10,2016-01-18 08:02:53,89,2019-11-20 06:22:40
729,+,-,+/-,-,-,-,-,-,-,-,-,+,-,-,+/-,-,-,-,-,-,-,,,,12522,16756,1,2010-02-11,2016-01-18 08:02:53,88,2019-11-20 06:22:40
728,-,-,-,-,-,-,-,-,-,-,-,-,-,-,-,-,-,-,-,-,,,,,12513,16681,1,2009-11-24,2016-01-18 08:02:53,87,2019-11-20 06:22:40
727,-,-,-,-,-,-,-,-,-,-,+,-,-,-,-,-,-,-,-,-,,,,,2236,16680,1,2009-12-14,2016-01-18 08:02:53,86,2019-11-20 06:22:40
726,-,-,+,-,-,-,-,-,-,-,+,-,-,-,-,-,-,-,-,-,,,,,5375,16566,1,2009-11-06,2016-01-18 08:02:53,85,2019-11-20 06:22:40
725,-,-,+,+/-,-,+,-,-,-,-,-,-,+,-,-,-,-,-,-,-,,,,,130746,21735,1,2009-11-24,2016-01-18 08:02:53,84,2019-11-20 06:22:40
724,-,-,+,-,+,-,+,-,-,-,-,-,-,-,+,-,-,-,-,-,-,,,,12556,16581,1,2009-09-22,2016-01-18 08:02:53,83,2019-11-20 06:22:40
723,+,-,+,-,-,+,+,-,-,-,-,-,-,-,+,-,+,-,-,-,-,-,-,-,12563,16580,1,2010-02-18,2016-01-18 08:02:53,82,2019-11-20 06:22:40
722,+,-,+,+/-,+,+,+,+,+,+/-,-,+,+/-,+,+,+/-,+,+/-,+/-,+,,-,-,-,12517,16541,1,2009-09-09,2016-01-18 08:02:53,81,2019-11-20 06:22:40
721,-,-,+,+,+,+,+,+,+,+,-,+,+,+,+,+,+,+,+,+,,,,,12516,16540,1,2009-09-14,2016-01-18 08:02:53,80,2019-11-20 06:22:40
720,,-,+,-,-,-,-,-,-,-,-,-,+,-,+/-,-,-,-,-,-,,,,,17784,16531,1,2009-09-22,2016-01-18 08:02:53,79,2019-11-20 06:22:40
719,-,-,+,-,+/-,+,+,-,+,+,-,+,+/-,-,+,+/-,+,-,+,+/-,,,,,12515,16530,1,2009-12-01,2016-01-18 08:02:53,78,2019-11-20 06:22:40
718,-,-,+,-,+,+,+,+,+,+,-,+,-,+,+,+,+,-,+,+,+,,,,12515,16530,1,2010-01-18,2016-01-18 08:02:53,77,2019-11-20 06:22:40
717,,-,+,-,+,+,+,-,-,-,+,-,-,-,+,-,+,-,-,-,,,,,12568,16432,1,2009-08-10,2016-01-18 08:02:53,76,2019-11-20 06:22:40
716,+,-,+,-,+,+,+,-,+,+,-,+,-,+,+,-,+,-,+,-,,,,,1630,16383,1,2009-06-23,2016-01-18 08:02:53,75,2019-11-20 06:22:40
715,+,-,+,-,+,-,+,+,+,-,-,+,-,+,+,-,-,-,+,-,-,,,,1629,16382,1,2009-06-15,2016-01-18 08:02:53,74,2019-11-20 06:22:40
714,-,-,+,-,+,+,+,+,+,+/-,-,+,-,+,+,-,-,-,+,+,,,,,14033,16377,1,2009-06-17,2016-01-18 08:02:53,73,2019-11-20 06:22:40
713,+,-,+,-,+,+,+,-,+,-,-,+,-,+,+,-,+,-,+,-,,,,,1628,16376,1,2009-05-27,2016-01-18 08:02:53,72,2019-11-20 06:22:40
712,-,-,+,+,+,+,+,-,+/-,+/-,-,+,+,+,+,+,+,+,+/-,+,,,,,12567,16373,1,2009-06-25,2016-01-18 08:02:53,71,2019-11-20 06:22:40
711,+,-,-,-,-,-,-,-,-,-,+,-,-,-,-,-,-,-,-,-,,,,,12521,16357,1,2009-06-25,2016-01-18 08:02:53,70,2019-11-20 06:22:40
710,-,-,+,-,+,+,+,+/-,+/-,+,-,+,-,+,+,-,+,-,+,-,,-,-,-,12566,16356,1,2009-12-11,2016-01-18 08:02:53,69,2019-11-20 06:22:40
709,+,-,-,-,-,-,-,-,-,-,-,-,-,-,-,-,-,-,-,-,-,-,-,-,12565,16216,1,2009-08-25,2016-01-18 08:02:53,68,2019-11-20 06:22:40
708,-,-,+,-,+,-,+,-,+,+,-,+/-,-,+/-,+,-,+/-,-,+,-,,,,,1627,16058,1,2010-09-01,2016-01-18 08:02:53,67,2019-11-20 06:22:40
707,-,-,+,+,+,+,+,+,+,+,-,+,+,+,+,-,+,+,+,-,,,,,17187,9072,1,2015-03-04,2016-01-18 08:02:53,66,2019-11-20 06:22:40
706,-,-,+,+,+,+,+,+,+,+,-,+,+/-,+,+,-,+,+,+/-,-,,,,,17160,9064,1,2013-11-06,2016-01-18 08:02:53,65,2019-11-20 06:22:40
705,-,-,+,+,+/-,+,+,+,+/-,+,-,+/-,+,+,+,-,-,+,+,-,,,,,17184,9063,1,2015-04-01,2016-01-18 08:02:53,64,2019-11-20 06:22:40
704,+,-,-,-,-,-,-,-,-,-,+,-,-,-,-,-,-,-,-,-,-,,,,12506,9020,1,2009-07-01,2016-01-18 08:02:53,63,2019-11-20 06:22:40
703,+,-,-,-,-,-,-,-,-,-,+,-,-,-,-,-,-,-,-,-,-,,,,12506,9020,1,2010-03-02,2016-01-18 08:02:53,62,2019-11-20 06:22:40
702,+,-,-,-,-,-,-,-,-,-,+,-,-,-,-,-,-,-,-,-,-,,,,12506,9020,1,2012-11-05,2016-01-18 08:02:53,61,2019-11-20 06:22:40
701,-,-,-,-,-,-,-,-,-,-,+,-,-,-,-,-,-,-,-,-,-,,,,2235,8785,1,2011-11-25,2016-01-18 08:02:53,60,2019-11-20 06:22:40
700,+,-,+,+,-,+,+,+,+,+,+,+,+,-,+,+,+,+,+,+,-,,,,12531,8783,1,2010-03-02,2016-01-18 08:02:53,59,2019-11-20 06:22:40
699,+,-,+,-,-,+,+,-,-,-,+,-,-,-,+,-,+,-,-,-,,,,,12531,8783,1,2012-03-06,2016-01-18 08:02:53,58,2019-11-20 06:22:40
698,-,+,-,-,-,-,-,-,-,-,-,-,-,-,-,-,-,-,-,-,-,,,,2102,8781,1,2010-02-17,2016-01-18 08:02:53,57,2019-11-20 06:22:40
697,-,-,-,-,-,-,-,-,-,-,-,+,-,-,-,-,-,-,-,-,-,,,,12527,8963,1,2012-05-02,2016-01-18 08:02:53,56,2019-11-20 06:22:40
696,-,-,+,-,+,+,+,+,+,+,-,+,-,+,+,-,+,-,+,-,,,,,12527,8963,1,2009-07-01,2016-01-18 08:02:53,55,2019-11-20 06:22:40
695,+,-,-,-,-,-,-,-,-,-,-,+,-,-,-,-,-,-,-,-,-,,,,5761,8851,1,2010-07-30,2016-01-18 08:02:53,54,2019-11-20 06:22:40
694,-,-,+,+,-,-,-,-,+,+,-,-,+,-,+,-,-,+,+,-,,,,,17136,8837,1,2012-03-20,2016-01-18 08:02:53,53,2019-11-20 06:22:40
693,-,-,+,+,-,-,-,-,+,+,-,-,+,-,+,-,-,+,+,-,,,,,17136,8837,1,2009-09-16,2016-01-18 08:02:53,52,2019-11-20 06:22:40
692,-,-,+,+,-,-,-,+,+/-,+,-,+,+,+,+,+/-,-,+,+,-,,,,,17142,8836,1,2011-09-27,2016-01-18 08:02:53,51,2019-11-20 06:22:40
691,-,-,-,-,-,-,-,-,-,+,-,-,-,-,-,-,-,-,-,-,-,,,,17129,8833,1,2011-05-11,2016-01-18 08:02:53,50,2019-11-20 06:22:40
690,,-,-,-,-,-,-,-,-,+,-,+,-,-,-,-,-,-,-,-,,,,,17129,8833,1,2007-06-18,2016-01-18 08:02:53,49,2019-11-20 06:22:40
689,,-,+,+,-,-,+,+/-,-,-,-,,-,-,-,-,-,-,-,-,,,,,17130,8831,1,2007-06-18,2016-01-18 08:02:53,48,2019-11-20 06:22:40
688,-,-,+,+,-,-,+,-,-,-,-,-,-,-,-,-,-,-,-,-,,,,,17130,8831,1,2014-05-08,2016-01-18 08:02:53,47,2019-11-20 06:22:40
687,-,-,+,-,-,-,-,-,-,-,-,+,-,-,+,-,-,-,-,-,,,,,5773,8286,1,2010-12-15,2016-01-18 08:02:53,46,2019-11-20 06:22:40
686,-,-,+,-,-,-,-,-,-,-,-,+,-,-,+,-,-,-,-,-,-,,,,5773,8286,1,2011-01-19,2016-01-18 08:02:53,45,2019-11-20 06:22:40
685,+,-,+,+/-,-,-,-,-,-,-,+,-,+,-,+,-,-,-,-,-,,,,,5773,8286,1,2010-12-16,2016-01-18 08:02:53,44,2019-11-20 06:22:40
684,-,-,+,-,+,+,+,-,-,-,-,+,-,-,+,-,+,-,-,-,,,,,12554,8175,1,2009-10-14,2016-01-18 08:02:53,43,2019-11-20 06:22:40
683,+,-,+,-,+,+,+,-,+,-,-,-,-,-,+,-,+,-,+,-,,,,,1618,8172,1,2012-05-04,2016-01-18 08:02:53,42,2019-11-20 06:22:40
682,-,-,+,+,+,+,+,+/-,+,+,-,+,-,-,+,-,+,+,-,+,,,,,17126,8060,1,2013-08-21,2016-01-18 08:02:53,41,2019-11-20 06:22:40
681,,-,-,-,-,-,-,+,-,-,-,-,-,-,-,-,-,-,-,-,,,,,12557,8056,1,2007-06-18,2016-01-18 08:02:53,40,2019-11-20 06:22:40
680,,-,+,-,+,+,-,-,+,+,-,+,-,-,+,-,+,-,+,+,,,,,1617,7844,1,2012-07-24,2016-01-18 08:02:53,39,2019-11-20 06:22:40
679,+,-,+,-,+,+,+,-,+,+,-,+,-,+,+,-,+,-,+,-,,,,,1626,7732,1,2012-06-07,2016-01-18 08:02:53,38,2019-11-20 06:22:40
678,+,-,+,-,+,+,+,-,+,+,+,+,+,+/-,+,-,+,+/-,+/-,-,,,,,1619,7686,1,2010-06-04,2016-01-18 08:02:53,37,2019-11-20 06:22:40
677,+,-,+,-,+,+,+,-,+,+,+,+,+,+/-,+,-,+,-,+/-,-,,,,,139989,42597,1,2010-06-24,2016-01-18 08:02:53,36,2019-11-20 06:22:40
676,,-,+,-,+,+,+/-,-,+,+,-,+,-,-,+,+,+/-,-,+/-,+/-,,,,,12498,7499,1,2013-01-24,2016-01-18 08:02:53,35,2019-11-20 06:22:40
675,-,-,+,-,+,+,+,-,+,+,-,-,-,-,+,-,+,-,+,-,,,,,1612,7141,1,2009-07-01,2016-01-18 08:02:53,34,2019-11-20 06:22:40
674,-,-,+,-,+,+,+,+/-,+,+,-,+,-,+,+,-,+,-,+,-,,,,,1610,6977,1,2012-03-22,2016-01-18 08:02:53,33,2019-11-20 06:22:40
673,+,-,+,-,+,+,+/-,-,+,+,-,+,-,+/-,+,-,+,-,+,-,,,,,1609,6945,1,2012-11-20,2016-01-18 08:02:53,32,2019-11-20 06:22:40
672,+,-,+,-,+,+,+,-,+,+,-,+,-,+,+,-,+,-,+,-,,,,,1609,6945,1,2009-04-21,2016-01-18 08:02:53,31,2019-11-20 06:22:40
671,-,-,+,-,+,+,+,+,+,-,-,+,-,+,+,-,+,-,+/-,-,-,,,,1608,6783,1,2010-02-24,2016-01-18 08:02:53,30,2019-11-20 06:22:40
670,-,-,+,-,+,+,+,+,+,-,-,+,-,+,+,-,+,-,+,-,,,,,1608,6783,1,2012-02-15,2016-01-18 08:02:53,29,2019-11-20 06:22:40
669,-,-,+,+,+,-,-,-,+,+,-,-,+,-,+,-,-,+,+,-,,,,,17146,6599,1,2013-08-21,2016-01-18 08:02:53,28,2019-11-20 06:22:40
668,-,-,+,+,+,-,-,-,+,+,-,-,+,-,+,-,-,+,+,-,,,,,17146,6599,1,2010-11-17,2016-01-18 08:02:53,27,2019-11-20 06:22:40
667,-,-,+,+,+/-,+,+,+/-,+/-,+/-,-,-,+/-,+,+,+/-,+,+/-,+/-,+/-,,,,,12540,6518,1,2010-07-07,2016-01-18 08:02:53,26,2019-11-20 06:22:40
666,+,-,+,-,+,+,+,+/-,+,+,-,+,-,+,+,-,+,-,+,-,,,,,1623,5571,1,2011-08-31,2016-01-18 08:02:53,25,2019-11-20 06:22:40
665,-,-,+,+,-,-,-,-,+,-,+,+,-,+,+,+,-,-,-,+,-,,,,2584,4593,1,2013-03-28,2016-01-18 08:02:53,24,2019-11-20 06:22:40
664,+/-,-,+,+,-,-,-,+/-,+/-,-,-,+,-,-,+,+/-,-,-,-,+/-,,+,+,-,2584,4593,1,2000-03-15,2016-01-18 08:02:53,23,2019-11-20 06:22:40
663,-,-,+,+,-,-,-,-,+,-,+,+,-,+,+,+,-,-,-,+,-,+,+,-,2583,4592,1,2013-03-28,2016-01-18 08:02:53,22,2019-11-20 06:22:40
662,-,-,+,-,+,+,+,-,+,-,-,+,-,-,+,-,+,-,-,-,,,,,1587,3680,1,2013-05-28,2016-01-18 08:02:53,21,2019-11-20 06:22:40
661,-,-,+,+,+/-,+,+,+/-,+,+,-,+,+/-,+,+,+/-,+/-,+,+,-,,,,,17183,3050,1,2011-03-10,2016-01-18 08:02:53,20,2019-11-20 06:22:40
660,,-,+,+,+,+,+,+,+,+,-,+,+/-,+,+,-,+,+,+,-,,,,,17186,3048,1,2011-03-14,2016-01-18 08:02:53,19,2019-11-20 06:22:40
659,+,-,+,-,+,+,+,+,+,+,-,+,-,+,+,-,+,-,+/-,+,,,,,1604,2742,1,2013-07-09,2016-01-18 08:02:53,18,2019-11-20 06:22:40
658,-,-,-,-,-,-,-,-,-,-,-,+,-,-,-,-,-,-,-,-,,,,,1603,1474,1,2010-12-15,2016-01-18 08:02:53,17,2019-11-20 06:22:40
657,-,-,+,+,+,+,+,+,-,+,-,+/-,-,+,+,-,+,-,-,-,,,,,17155,1154,1,2014-01-14,2016-01-18 08:02:53,16,2019-11-20 06:22:40
656,-,-,+,-,+,+,+,-,+,+,-,+,-,+,+,+,+,-,+,+,-,,,,1600,1004,1,1982-02-01,2016-01-18 08:02:53,15,2019-11-20 06:22:40
655,+,-,+,-,+,+,+,-,+,+,-,+,-,+,+,-,+,-,+,+,,,,,1600,1004,1,2012-01-18,2016-01-18 08:02:53,14,2019-11-20 06:22:40
654,-,-,+,-,+,+,+,-,+,-,-,+,-,+/-,+,-,+,-,-,-,,,,,1585,979,1,2014-10-07,2016-01-18 08:02:53,13,2019-11-20 06:22:40
653,-,-,+,-,+,+,+,-,+,-,-,+,-,+/-,+,-,+,-,-,-,+,,,,1585,979,1,2013-02-06,2016-01-18 08:02:53,12,2019-11-20 06:22:40
652,-,-,-,-,-,-,+,-,-,-,-,-,-,-,-,-,-,-,-,-,-,-,-,-,17156,978,1,2009-08-19,2016-01-18 08:02:53,11,2019-11-20 06:22:40
651,+,-,+,-,+,+,+,-,+,+,-,+,-,+,+,+,+,-,+,+,,,,,1599,714,1,2009-09-22,2016-01-18 08:02:53,10,2019-11-20 06:22:40
650,+,-,+,+,+,+,+,+,+,+,-,+,+/-,+,+,+,+,+/-,+,+,,,,,1599,714,1,2014-06-18,2016-01-18 08:02:53,9,2019-11-20 06:22:40
649,+,-,+,-,+,+,+,-,+,+,-,+,-,+,+,+,+,-,+,+,,,,,1599,714,1,2010-11-24,2016-01-18 08:02:53,8,2019-11-20 06:22:40
648,+,-,+,-,+,+,+,-,+,+,+,+,-,+,+,+,+,-,+,+,,,,,1599,714,1,1981-04-23,2016-01-18 08:02:53,7,2019-11-20 06:22:40
647,-,-,-,-,-,-,-,-,-,-,-,-,-,-,-,-,-,-,-,-,-,,,,17173,955,1,1986-02-14,2016-01-18 08:02:53,6,2019-11-20 06:22:40
646,-,-,-,-,-,-,-,-,-,-,+,+,-,+,-,-,-,-,-,-,-,,,,17674,916,1,2014-10-21,2016-01-18 08:02:53,5,2019-11-20 06:22:40
645,+/-,-,+/-,+/-,-,-,-,-,-,-,+,+,-,-,+/-,+/-,-,-,-,+/-,,+,+,-,2582,627,1,2000-03-15,2016-01-18 08:02:53,4,2019-11-20 06:22:40
644,-,-,+,-,+,-,+,-,-,-,+,-,+,-,+,-,-,-,-,-,,+,+,-,2582,627,1,2000-03-15,2016-01-18 08:02:53,3,2019-11-20 06:22:40
643,+/-,-,+,+,-,-,-,+/-,+/-,-,-,+,-,-,+,+/-,-,+/-,-,+,,+,+,-,2582,627,1,2000-03-15,2016-01-18 08:02:53,2,2019-11-20 06:22:40
642,-,-,+,+,-,-,-,+,-,-,+,+,-,-,+,+,-,+,+/-,+,,,,,2582,627,1,2013-11-13,2016-01-18 08:02:53,1,2019-11-20 06:22:40
821,-,-,-,-,-,-,-,-,-,-,-,-,-,-,-,-,-,-,-,-,,,,,131521,22748,1,2018-11-08,2018-11-21 13:10:03,423,2019-11-20 06:22:41
822,-,-,-,-,-,-,-,-,-,-,-,-,-,-,-,-,-,-,-,-,-,-,+,-,131521,22748,1,2014-04-25,2018-11-21 13:25:03,424,2019-11-20 06:22:41
823,-,-,+,-,-,-,+,-,-,-,+,+,-,-,-,-,-,-,-,+,-,,,-,2710,452,1,2018-11-29,2018-11-29 12:05:03,425,2019-11-20 06:22:41
824,-,-,-,-,-,-,-,-,-,-,-,-,-,-,-,-,-,-,-,-,-,,+,-,131520,22747,1,2014-04-25,2018-12-14 15:05:04,426,2019-11-20 06:22:41
825,-,-,+,-,+,+,+,+,+,-,-,+,+,+,+,+/-,-,-,-,-,,,,,2544,313,1,2018-12-13,2018-12-18 09:50:05,427,2019-11-20 06:22:41
826,+,-,-,-,-,-,-,-,-,-,+,-,-,-,-,-,-,-,-,-,,,,,2745,2221,1,2018-12-14,2018-12-18 16:20:05,428,2019-11-20 06:22:41
827,-,-,+,-,+,+,+,-,-,-,+,+,-,-,+,-,-,-,-,+,,,,,2639,4488,1,2018-12-05,2018-12-19 11:45:03,429,2019-11-20 06:22:41
828,-,-,+,-,-,-,+,-,-,-,+,+,+/-,-,-,-,-,-,-,+,,,,,2711,768,1,2018-12-19,2018-12-19 12:05:04,430,2019-11-20 06:22:41
829,-,-,+,+,+,+,+,+,+,+,-,+,+/-,+,+,+,+,+,+,+,,,,-,131167,22459,1,2019-02-12,2019-03-01 15:35:12,432,2019-11-20 06:22:41
830,-,-,-,-,-,-,-,-,-,-,-,+,-,-,-,-,-,-,-,-,,,,,130922,22214,1,2019-03-19,2019-03-21 14:10:03,433,2019-11-20 06:22:41
831,-,-,+,+,-,-,-,+,+/-,-,+,+,-,-,+,+,-,+,-,+,,,,,22963,18803,1,2019-01-11,2019-04-29 13:05:03,434,2019-11-20 06:22:41
832,-,-,+,+,-,-,-,+,+/-,-,+,+,-,-,+,+,-,+,-,+,,,,,22963,18803,1,2019-03-19,2019-04-29 13:05:03,435,2019-11-20 06:22:41
833,-,-,+,+,-,-,-,+,+,-,+,+,-,-,+,+,-,+/-,-,+/-,,,,,23853,20942,1,2019-01-10,2019-04-29 13:30:04,436,2019-11-20 06:22:41
834,-,-,+,-,+,+,+,-,-,-,+,+,-,-,+,-,-,-,-,+,,,,,2631,428,1,2019-04-26,2019-05-02 08:00:03,437,2019-11-20 06:22:41
835,-,-,+,+,+,+,+,+,+,-,-,+,+,-,+,-,-,-,-,-,,,,,12657,6122,1,2019-04-12,2019-05-27 08:35:03,438,2019-11-20 06:22:41
836,-,-,+,+,-,-,-,+,+,-,+,+,-,-,+,+,-,+,-,+,,,,,22963,18803,1,2019-07-03,2019-07-18 13:15:03,439,2019-11-20 06:22:41
837,-,-,+,+,-,-,-,+,+,-,+,+,-,+,+,+,-,+/-,-,+,,,,,23853,20942,1,2019-07-03,2019-07-19 07:50:03,440,2019-11-20 06:22:41
838,-,-,-,-,-,-,-,-,-,-,+/-,+,-,-,-,-,-,-,-,-,-,,,-,131515,22742,1,2015-12-22,2019-08-30 09:55:09,441,2019-11-20 06:22:41
839,-,-,+,+,-,-,+,-,+,-,-,+,-,-,-,-,-,-,+,-,,,,,132967,24755,1,2019-08-23,2019-09-03 07:05:08,442,2019-11-20 06:22:41
840,+,-,+,-,-,-,+,-,-,-,+,+,+/-,-,+,-,-,+/-,-,-,,,,,2557,333,1,2019-01-17,2019-10-23 12:10:09,443,2019-11-20 06:22:41
841,-,-,-,-,-,-,-,-,-,-,-,-,-,-,-,-,-,-,-,-,-,,+,-,131522,22749,1,2014-04-25,2019-11-05 11:20:09,444,2019-11-20 06:22:41
842,-,-,-,-,-,-,-,-,-,-,-,-,-,-,-,-,-,-,-,-,-,,+,,131522,22749,1,2019-10-11,2019-11-08 12:15:08,445,2019-11-20 06:22:41
